FID,Wet_Maxent,NPP,Economy,Category,Status,Sitename
8,1,0,Fishing/Foraging,Anth,Predict,
12,1,0,Fishing/Foraging,Anth,Predict,
18,4,0,Mixed,Anth,Predict,
19,1,0,Mixed,Anth,Predict,
20,1,0,Fishing/Foraging,Anth,Predict,
24,1,0,Fishing/Foraging,Anth,Predict,
30,2,0,Non Anth,Non Anth,Predict,
34,1,0,Fishing/Foraging,Anth,Predict,
35,1,0,Fishing/Foraging,Anth,Predict,
37,1,0,Fishing/Foraging,Anth,Predict,
39,1,0,Fishing/Foraging,Anth,Predict,
43,1,0,Fishing/Foraging,Anth,Predict,
155,1,0,Fishing/Foraging,Anth,Predict,
156,3,0,Non Anth,Non Anth,Predict,
157,1,0,Fishing/Foraging,Anth,Predict,
158,4,0,Pastoralist,Anth,Predict,
159,1,0,Fishing/Foraging,Anth,Predict,
160,1,0,Fishing/Foraging,Anth,Predict,
162,1,0,Fishing/Foraging,Anth,Predict,
163,3,0,Non Anth,Non Anth,Predict,
165,1,0,Fishing/Foraging,Anth,Predict,
167,1,0,Fishing/Foraging,Anth,Predict,
168,1,0,Fishing/Foraging,Anth,Predict,
170,3,0,Non Anth,Non Anth,Predict,
172,1,0,Fishing/Foraging,Anth,Predict,
175,1,0,Fishing/Foraging,Anth,Predict,
177,1,0,Fishing/Foraging,Anth,Predict,
178,3,0,Non Anth,Non Anth,Predict,
180,1,0,Fishing/Foraging,Anth,Predict,
184,1,0,Fishing/Foraging,Anth,Predict,
185,2,0,Non Anth,Non Anth,Predict,
187,1,0,Fishing/Foraging,Anth,Predict,
194,2,0,Non Anth,Non Anth,Predict,
195,1,0,Fishing/Foraging,Anth,Predict,
199,1,0,Fishing/Foraging,Anth,Predict,
200,2,0,Non Anth,Non Anth,Predict,
203,4,0,Pastoralist,Anth,Predict,
206,2,0,Non Anth,Non Anth,Predict,
304,1,0,Fishing/Foraging,Anth,Predict,
312,1,0,Fishing/Foraging,Anth,Predict,
323,1,0,Fishing/Foraging,Anth,Predict,
342,2,0,Non Anth,Non Anth,Predict,
357,2,0,Non Anth,Non Anth,Predict,
366,1,0,Fishing/Foraging,Anth,Predict,
367,1,0,Fishing/Foraging,Anth,Predict,
431,1,0,Pastoralist,Anth,Predict,
639,1,0,Fishing/Foraging,Anth,Predict,
640,1,0,Fishing/Foraging,Anth,Predict,
643,3,0,Non Anth,Non Anth,Predict,
651,3,0,Non Anth,Non Anth,Predict,
691,1,0,Fishing/Foraging,Anth,Predict,
819,2,0,Non Anth,Non Anth,Predict,
825,1,0,Fishing/Foraging,Anth,Predict,
826,1,0,Fishing/Foraging,Anth,Predict,
828,1,0,Fishing/Foraging,Anth,Predict,
829,1,0,Fishing/Foraging,Anth,Predict,
831,1,0,Fishing/Foraging,Anth,Predict,
832,1,0,Fishing/Foraging,Anth,Predict,
833,1,0,Fishing/Foraging,Anth,Predict,
834,1,0,Fishing/Foraging,Anth,Predict,
837,1,0,Fishing/Foraging,Anth,Predict,
838,2,0,Non Anth,Non Anth,Predict,
839,1,0,Fishing/Foraging,Anth,Predict,
841,1,0,Fishing/Foraging,Anth,Predict,
844,1,0,Fishing/Foraging,Anth,Predict,
565,1,24,Fishing/Foraging,Anth,Predict,
535,1,26,Fishing/Foraging,Anth,Predict,
577,1,52,Fishing/Foraging,Anth,Predict,
725,1,53,Fishing/Foraging,Anth,Predict,
557,1,63,Fishing/Foraging,Anth,Predict,
576,1,77,Fishing/Foraging,Anth,Predict,
562,1,87,Fishing/Foraging,Anth,Predict,
612,1,98,Fishing/Foraging,Anth,Predict,
176,1,99,Fishing/Foraging,Anth,Predict,
537,1,111,Fishing/Foraging,Anth,Predict,
301,3,117,Non Anth,Non Anth,Predict,
561,1,129,Fishing/Foraging,Anth,Predict,
451,3,134,Pastoralist,Anth,Predict,
599,1,138,Pastoralist,Anth,Predict,
671,1,139,Fishing/Foraging,Anth,Predict,
717,1,142,Fishing/Foraging,Anth,Predict,
558,1,145,Fishing/Foraging,Anth,Predict,
566,1,147,Fishing/Foraging,Anth,Predict,
669,1,149,Fishing/Foraging,Anth,Predict,
264,3,150,Pastoralist,Anth,Predict,
388,1,152,Fishing/Foraging,Anth,Predict,
748,1,165,Fishing/Foraging,Anth,Predict,
536,1,169,Fishing/Foraging,Anth,Predict,
569,1,172,Fishing/Foraging,Anth,Predict,
410,1,181,Fishing/Foraging,Anth,Predict,
550,1,184,Fishing/Foraging,Anth,Predict,
723,1,185,Fishing/Foraging,Anth,Predict,
10,1,188,Fishing/Foraging,Anth,Predict,
217,1,190,Fishing/Foraging,Anth,Predict,
442,1,191,Pastoralist,Anth,Predict,
715,1,194,Fishing/Foraging,Anth,Predict,
579,1,200,Fishing/Foraging,Anth,Predict,
553,1,202,Fishing/Foraging,Anth,Predict,
572,3,202,Non Anth,Non Anth,Predict,
578,1,204,Fishing/Foraging,Anth,Predict,
681,1,204,Fishing/Foraging,Anth,Predict,
389,1,210,Fishing/Foraging,Anth,Predict,
545,1,210,Fishing/Foraging,Anth,Predict,
567,1,212,Fishing/Foraging,Anth,Predict,
211,1,216,Fishing/Foraging,Anth,Predict,
401,1,218,Fishing/Foraging,Anth,Predict,
745,1,221,Fishing/Foraging,Anth,Predict,
554,1,224,Fishing/Foraging,Anth,Predict,
741,1,224,Fishing/Foraging,Anth,Predict,
842,1,228,Fishing/Foraging,Anth,Predict,
208,1,233,Fishing/Foraging,Anth,Predict,
560,1,236,Fishing/Foraging,Anth,Predict,
726,1,244,Fishing/Foraging,Anth,Predict,
680,1,245,Fishing/Foraging,Anth,Predict,
379,1,246,Fishing/Foraging,Anth,Predict,
241,1,252,Fishing/Foraging,Anth,Predict,
594,1,261,Pastoralist,Anth,Predict,
607,1,263,Pastoralist,Anth,Predict,
551,1,264,Fishing/Foraging,Anth,Predict,
209,1,265,Fishing/Foraging,Anth,Predict,
712,3,272,Non Anth,Non Anth,Predict,
570,1,275,Fishing/Foraging,Anth,Predict,
548,1,279,Fishing/Foraging,Anth,Predict,
4,3,287,Non Anth,Non Anth,Predict,
416,1,288,Fishing/Foraging,Anth,Predict,
235,1,293,Fishing/Foraging,Anth,Predict,
318,3,296,Non Anth,Non Anth,Predict,
563,3,296,Non Anth,Non Anth,Predict,
480,1,301,Fishing/Foraging,Anth,Predict,
642,3,302,Non Anth,Non Anth,Predict,
406,1,307,Fishing/Foraging,Anth,Predict,
216,1,308,Fishing/Foraging,Anth,Predict,
544,3,309,Non Anth,Non Anth,Predict,
571,1,310,Fishing/Foraging,Anth,Predict,
228,1,328,Fishing/Foraging,Anth,Predict,
646,1,328,Fishing/Foraging,Anth,Predict,
661,1,338,Fishing/Foraging,Anth,Predict,
743,1,339,Fishing/Foraging,Anth,Predict,
664,1,340,Fishing/Foraging,Anth,Predict,
413,1,346,Fishing/Foraging,Anth,Predict,
484,3,348,Non Anth,Non Anth,Predict,
869,1,351,Mixed,Anth,Predict,
539,1,356,Fishing/Foraging,Anth,Predict,
552,1,356,Fishing/Foraging,Anth,Predict,
695,1,366,Fishing/Foraging,Anth,Predict,
408,1,367,Fishing/Foraging,Anth,Predict,
682,1,367,Fishing/Foraging,Anth,Predict,
690,1,367,Fishing/Foraging,Anth,Predict,
654,1,383,Fishing/Foraging,Anth,Predict,
835,1,385,Fishing/Foraging,Anth,Predict,
387,1,386,Fishing/Foraging,Anth,Predict,
573,1,386,Fishing/Foraging,Anth,Predict,
827,1,387,Fishing/Foraging,Anth,Predict,
843,1,387,Fishing/Foraging,Anth,Predict,
307,3,393,Non Anth,Non Anth,Predict,
538,1,393,Fishing/Foraging,Anth,Predict,
692,1,397,Fishing/Foraging,Anth,Predict,
648,1,399,Fishing/Foraging,Anth,Predict,
409,3,402,Non Anth,Non Anth,Predict,
686,1,411,Fishing/Foraging,Anth,Predict,
404,4,415,Pastoralist,Anth,Predict,
309,1,424,Fishing/Foraging,Anth,Predict,
398,3,426,Non Anth,Non Anth,Predict,
674,1,431,Fishing/Foraging,Anth,Predict,
425,1,433,Pastoralist,Anth,Predict,
231,3,437,Mixed,Anth,Predict,
249,3,439,Pastoralist,Anth,Predict,
481,1,440,Fishing/Foraging,Anth,Predict,
694,1,442,Fishing/Foraging,Anth,Predict,
375,1,444,Fishing/Foraging,Anth,Predict,
709,1,457,Fishing/Foraging,Anth,Predict,
716,3,457,Non Anth,Non Anth,Predict,
237,1,458,Fishing/Foraging,Anth,Predict,
737,1,474,Fishing/Foraging,Anth,Predict,
873,1,479,Pastoralist,Anth,Predict,
482,1,485,Fishing/Foraging,Anth,Predict,
656,1,489,Fishing/Foraging,Anth,Predict,
658,1,490,Fishing/Foraging,Anth,Predict,
689,1,491,Fishing/Foraging,Anth,Predict,
371,1,493,Fishing/Foraging,Anth,Predict,
673,1,495,Fishing/Foraging,Anth,Predict,
390,1,499,Fishing/Foraging,Anth,Predict,
485,3,511,Non Anth,Non Anth,Predict,
722,1,511,Fishing/Foraging,Anth,Predict,
862,1,511,Pastoralist,Anth,Predict,
476,1,512,Fishing/Foraging,Anth,Predict,
9,1,516,Fishing/Foraging,Anth,Predict,
6,1,519,Fishing/Foraging,Anth,Predict,
610,1,522,Pastoralist,Anth,Predict,
697,1,528,Fishing/Foraging,Anth,Predict,
840,1,529,Fishing/Foraging,Anth,Predict,
400,4,533,Pastoralist,Anth,Predict,
823,1,540,Fishing/Foraging,Anth,Predict,
824,1,540,Fishing/Foraging,Anth,Predict,
378,4,545,Pastoralist,Anth,Predict,
678,1,565,Fishing/Foraging,Anth,Predict,
848,1,574,Mixed,Anth,Predict,
182,1,581,Fishing/Foraging,Anth,Predict,
542,1,583,Fishing/Foraging,Anth,Predict,
663,1,584,Fishing/Foraging,Anth,Predict,
240,1,587,Mixed,Anth,Predict,
316,1,601,Fishing/Foraging,Anth,Predict,
870,1,603,Mixed,Anth,Predict,
496,1,604,Fishing/Foraging,Anth,Predict,
337,1,605,Mixed,Anth,Predict,
7,1,610,Fishing/Foraging,Anth,Predict,
822,3,615,Non Anth,Non Anth,Predict,
559,3,616,Non Anth,Non Anth,Predict,
310,1,617,Fishing/Foraging,Anth,Predict,
314,3,617,Non Anth,Non Anth,Predict,
383,3,617,Non Anth,Non Anth,Predict,
402,3,617,Non Anth,Non Anth,Predict,
492,1,626,Fishing/Foraging,Anth,Predict,
486,1,632,Fishing/Foraging,Anth,Predict,
549,1,634,Fishing/Foraging,Anth,Predict,
830,1,642,Fishing/Foraging,Anth,Predict,
787,1,643,Fishing/Foraging,Anth,Predict,
233,1,644,Mixed,Anth,Predict,
16,1,645,Fishing/Foraging,Anth,Predict,
278,1,645,Pastoralist,Anth,Predict,
230,1,651,Fishing/Foraging,Anth,Predict,
871,1,658,Mixed,Anth,Predict,
477,3,672,Non Anth,Non Anth,Predict,
491,1,672,Fishing/Foraging,Anth,Predict,
683,1,675,Fishing/Foraging,Anth,Predict,
860,1,679,Mixed,Anth,Predict,
764,4,683,Pastoralist,Anth,Predict,
780,1,683,Fishing/Foraging,Anth,Predict,
236,1,686,Mixed,Anth,Predict,
317,1,691,Fishing/Foraging,Anth,Predict,
352,1,693,Fishing/Foraging,Anth,Predict,
13,1,694,Fishing/Foraging,Anth,Predict,
234,4,696,Mixed,Anth,Predict,
334,1,699,Fishing/Foraging,Anth,Predict,
849,1,699,Mixed,Anth,Predict,
527,1,706,Fishing/Foraging,Anth,Predict,
821,1,708,Fishing/Foraging,Anth,Predict,
381,1,712,Fishing/Foraging,Anth,Predict,
495,1,714,Fishing/Foraging,Anth,Predict,
503,1,717,Fishing/Foraging,Anth,Predict,
369,1,718,Mixed,Anth,Predict,
331,1,719,Fishing/Foraging,Anth,Predict,
339,1,725,Mixed,Anth,Predict,
659,1,728,Fishing/Foraging,Anth,Predict,
727,1,731,Fishing/Foraging,Anth,Predict,
308,1,732,Fishing/Foraging,Anth,Predict,
244,1,733,Pastoralist,Anth,Predict,
377,1,749,Fishing/Foraging,Anth,Predict,
305,1,752,Fishing/Foraging,Anth,Predict,
490,1,752,Fishing/Foraging,Anth,Predict,
904,1,757,Fishing/Foraging,Anth,Predict,
660,1,762,Fishing/Foraging,Anth,Predict,
650,1,765,Fishing/Foraging,Anth,Predict,
649,1,769,Fishing/Foraging,Anth,Predict,
855,1,772,Pastoralist,Anth,Predict,
1,3,773,Non Anth,Non Anth,Predict,
11,1,775,Fishing/Foraging,Anth,Predict,
338,1,777,Fishing/Foraging,Anth,Predict,
688,1,778,Fishing/Foraging,Anth,Predict,
348,1,790,Fishing/Foraging,Anth,Predict,
17,2,795,Mixed,Anth,Predict,
365,1,795,Fishing/Foraging,Anth,Predict,
641,1,800,Fishing/Foraging,Anth,Predict,
739,1,800,Fishing/Foraging,Anth,Predict,
399,4,807,Pastoralist,Anth,Predict,
845,3,810,Mixed,Anth,Predict,
46,1,821,Mixed,Anth,Predict,
0,3,824,Mixed,Anth,Predict,
556,1,825,Fishing/Foraging,Anth,Predict,
852,1,833,Mixed,Anth,Predict,
40,2,836,Non Anth,Non Anth,Predict,
483,1,836,Fishing/Foraging,Anth,Predict,
655,1,844,Fishing/Foraging,Anth,Predict,
326,1,848,Fishing/Foraging,Anth,Predict,
2,3,849,Non Anth,Non Anth,Predict,
186,1,849,Fishing/Foraging,Anth,Predict,
344,1,855,Mixed,Anth,Predict,
370,1,868,Fishing/Foraging,Anth,Predict,
373,3,868,Non Anth,Non Anth,Predict,
666,1,871,Fishing/Foraging,Anth,Predict,
322,1,876,Fishing/Foraging,Anth,Predict,
479,1,889,Fishing/Foraging,Anth,Predict,
676,1,891,Fishing/Foraging,Anth,Predict,
679,1,898,Fishing/Foraging,Anth,Predict,
714,1,899,Fishing/Foraging,Anth,Predict,
335,1,902,Fishing/Foraging,Anth,Predict,
384,1,912,Fishing/Foraging,Anth,Predict,
351,1,915,Fishing/Foraging,Anth,Predict,
696,1,917,Fishing/Foraging,Anth,Predict,
32,1,921,Mixed,Anth,Predict,
345,1,921,Fishing/Foraging,Anth,Predict,
229,4,928,Pastoralist,Anth,Predict,
592,2,930,Non Anth,Non Anth,Predict,
364,1,931,Fishing/Foraging,Anth,Predict,
638,1,931,Fishing/Foraging,Anth,Predict,
210,4,936,Pastoralist,Anth,Predict,
3,1,937,Fishing/Foraging,Anth,Predict,
526,1,938,Fishing/Foraging,Anth,Predict,
354,1,940,Fishing/Foraging,Anth,Predict,
667,1,944,Fishing/Foraging,Anth,Predict,
497,1,948,Fishing/Foraging,Anth,Predict,
892,1,952,Fishing/Foraging,Anth,Predict,
478,3,953,Non Anth,Non Anth,Predict,
330,3,955,Non Anth,Non Anth,Predict,
174,3,958,Non Anth,Non Anth,Predict,
546,4,961,Pastoralist,Anth,Predict,
711,4,973,Mixed,Anth,Predict,
758,1,984,Fishing/Foraging,Anth,Predict,
412,1,985,Fishing/Foraging,Anth,Predict,
790,1,988,Fishing/Foraging,Anth,Predict,
415,1,996,Fishing/Foraging,Anth,Predict,
303,1,1001,Fishing/Foraging,Anth,Predict,
645,1,1005,Fishing/Foraging,Anth,Predict,
515,1,1009,Mixed,Anth,Predict,
533,1,1009,Mixed,Anth,Predict,
487,1,1012,Fishing/Foraging,Anth,Predict,
493,1,1012,Fishing/Foraging,Anth,Predict,
858,1,1012,Mixed,Anth,Predict,
181,2,1015,Non Anth,Non Anth,Predict,
392,1,1018,Fishing/Foraging,Anth,Predict,
394,1,1020,Fishing/Foraging,Anth,Predict,
355,1,1021,Fishing/Foraging,Anth,Predict,
403,1,1026,Fishing/Foraging,Anth,Predict,
343,1,1030,Fishing/Foraging,Anth,Predict,
358,1,1033,Mixed,Anth,Predict,
818,1,1038,Fishing/Foraging,Anth,Predict,
647,1,1043,Fishing/Foraging,Anth,Predict,
25,1,1044,Mixed,Anth,Predict,
226,4,1051,Mixed,Anth,Predict,
232,1,1052,Fishing/Foraging,Anth,Predict,
519,1,1052,Fishing/Foraging,Anth,Predict,
238,4,1056,Pastoralist,Anth,Predict,
861,4,1056,Mixed,Anth,Predict,
220,4,1072,Pastoralist,Anth,Predict,
836,1,1076,Fishing/Foraging,Anth,Predict,
796,1,1082,Fishing/Foraging,Anth,Predict,
591,1,1087,Pastoralist,Anth,Predict,
29,4,1088,Mixed,Anth,Predict,
494,4,1088,Pastoralist,Anth,Predict,
853,4,1088,Mixed,Anth,Predict,
340,1,1093,Fishing/Foraging,Anth,Predict,
296,1,1094,Mixed,Anth,Predict,
776,1,1095,Fishing/Foraging,Anth,Predict,
884,1,1108,Fishing/Foraging,Anth,Predict,
424,1,1110,Pastoralist,Anth,Predict,
44,1,1119,Mixed,Anth,Predict,
411,1,1120,Fishing/Foraging,Anth,Predict,
532,1,1123,Mixed,Anth,Predict,
751,4,1124,Pastoralist,Anth,Predict,
201,1,1132,Fishing/Foraging,Anth,Predict,
898,4,1132,Pastoralist,Anth,Predict,
730,4,1133,Pastoralist,Anth,Predict,
488,1,1139,Fishing/Foraging,Anth,Predict,
530,1,1142,Mixed,Anth,Predict,
204,4,1144,Mixed,Anth,Predict,
179,2,1154,Non Anth,Non Anth,Predict,
349,1,1158,Fishing/Foraging,Anth,Predict,
261,1,1167,Mixed,Anth,Predict,
756,2,1168,Non Anth,Non Anth,Predict,
359,1,1170,Mixed,Anth,Predict,
752,4,1173,Mixed,Anth,Predict,
362,1,1179,Mixed,Anth,Predict,
789,4,1179,Pastoralist,Anth,Predict,
525,4,1182,Pastoralist,Anth,Predict,
197,2,1191,Non Anth,Non Anth,Predict,
27,1,1192,Mixed,Anth,Predict,
882,4,1193,Pastoralist,Anth,Predict,
653,1,1194,Fishing/Foraging,Anth,Predict,
507,1,1195,Mixed,Anth,Predict,
769,1,1195,Fishing/Foraging,Anth,Predict,
26,4,1204,Mixed,Anth,Predict,
324,1,1213,Fishing/Foraging,Anth,Predict,
311,1,1214,Fishing/Foraging,Anth,Predict,
405,1,1216,Fishing/Foraging,Anth,Predict,
28,1,1218,Mixed,Anth,Predict,
504,1,1218,Mixed,Anth,Predict,
616,1,1223,Fishing/Foraging,Anth,Predict,
341,1,1226,Fishing/Foraging,Anth,Predict,
672,1,1230,Fishing/Foraging,Anth,Predict,
363,1,1232,Fishing/Foraging,Anth,Predict,
198,2,1233,Mixed,Anth,Predict,
227,1,1234,Mixed,Anth,Predict,
327,1,1236,Fishing/Foraging,Anth,Predict,
207,4,1237,Pastoralist,Anth,Predict,
859,4,1239,Mixed,Anth,Predict,
896,1,1240,Fishing/Foraging,Anth,Predict,
191,1,1241,Fishing/Foraging,Anth,Predict,
510,1,1253,Mixed,Anth,Predict,
214,2,1258,Non Anth,Non Anth,Predict,
325,1,1258,Fishing/Foraging,Anth,Predict,
302,1,1260,Fishing/Foraging,Anth,Predict,
471,1,1260,Pastoralist,Anth,Predict,
881,1,1261,Fishing/Foraging,Anth,Predict,
189,1,1263,Mixed,Anth,Predict,
887,1,1268,Fishing/Foraging,Anth,Predict,
428,1,1273,Pastoralist,Anth,Predict,
508,1,1274,Mixed,Anth,Predict,
205,4,1284,Pastoralist,Anth,Predict,
268,2,1284,Mixed,Anth,Predict,
397,4,1286,Pastoralist,Anth,Predict,
31,1,1287,Mixed,Anth,Predict,
239,1,1290,Fishing/Foraging,Anth,Predict,
368,4,1304,Pastoralist,Anth,Predict,
768,1,1305,Fishing/Foraging,Anth,Predict,
894,1,1310,Fishing/Foraging,Anth,Predict,
794,4,1311,Pastoralist,Anth,Predict,
14,4,1315,Mixed,Anth,Predict,
223,2,1320,Non Anth,Non Anth,Predict,
644,1,1325,Fishing/Foraging,Anth,Predict,
713,1,1325,Fishing/Foraging,Anth,Predict,
79,2,1331,Mixed,Anth,Predict,
906,1,1338,Fishing/Foraging,Anth,Predict,
247,1,1339,Mixed,Anth,Predict,
581,1,1346,Pastoralist,Anth,Predict,
321,4,1347,Pastoralist,Anth,Predict,
372,4,1351,Pastoralist,Anth,Predict,
213,4,1352,Pastoralist,Anth,Predict,
878,1,1353,Fishing/Foraging,Anth,Predict,
605,2,1358,Non Anth,Non Anth,Predict,
888,1,1359,Fishing/Foraging,Anth,Predict,
498,1,1361,Mixed,Anth,Predict,
161,3,1365,Non Anth,Non Anth,Predict,
698,4,1365,Pastoralist,Anth,Predict,
336,4,1366,Pastoralist,Anth,Predict,
193,4,1372,Pastoralist,Anth,Predict,
584,2,1373,Non Anth,Non Anth,Predict,
171,3,1377,Non Anth,Non Anth,Predict,
738,4,1377,Mixed,Anth,Predict,
693,4,1378,Mixed,Anth,Predict,
153,1,1381,Mixed,Anth,Predict,
800,4,1386,Pastoralist,Anth,Predict,
600,3,1397,Pastoralist,Anth,Predict,
319,3,1402,Non Anth,Non Anth,Predict,
761,4,1406,Pastoralist,Anth,Predict,
854,4,1407,Mixed,Anth,Predict,
502,4,1410,Mixed,Anth,Predict,
867,4,1414,Mixed,Anth,Predict,
382,4,1417,Pastoralist,Anth,Predict,
396,4,1418,Pastoralist,Anth,Predict,
810,1,1419,Pastoralist,Anth,Predict,
509,1,1423,Fishing/Foraging,Anth,Predict,
417,4,1425,Pastoralist,Anth,Predict,
188,1,1426,Fishing/Foraging,Anth,Predict,
356,1,1432,Mixed,Anth,Predict,
518,4,1433,Mixed,Anth,Predict,
877,4,1433,Pastoralist,Anth,Predict,
851,4,1434,Pastoralist,Anth,Predict,
380,1,1440,Fishing/Foraging,Anth,Predict,
499,1,1441,Fishing/Foraging,Anth,Predict,
419,1,1443,Pastoralist,Anth,Predict,
886,1,1444,Pastoralist,Anth,Predict,
876,1,1449,Fishing/Foraging,Anth,Predict,
291,1,1451,Mixed,Anth,Predict,
778,4,1452,Pastoralist,Anth,Predict,
847,4,1455,Pastoralist,Anth,Predict,
329,1,1456,Fishing/Foraging,Anth,Predict,
251,1,1458,Mixed,Anth,Predict,
620,1,1462,Pastoralist,Anth,Predict,
775,1,1463,Fishing/Foraging,Anth,Predict,
880,1,1464,Fishing/Foraging,Anth,Predict,
806,1,1467,Pastoralist,Anth,Predict,
190,2,1470,Non Anth,Non Anth,Predict,
889,4,1471,Pastoralist,Anth,Predict,
883,1,1472,Fishing/Foraging,Anth,Predict,
346,4,1473,Pastoralist,Anth,Predict,
604,2,1474,Pastoralist,Anth,Predict,
724,4,1477,Pastoralist,Anth,Predict,
765,1,1477,Fishing/Foraging,Anth,Predict,
45,1,1479,Mixed,Anth,Predict,
879,4,1482,Pastoralist,Anth,Predict,
901,1,1482,Fishing/Foraging,Anth,Predict,
33,1,1495,Mixed,Anth,Predict,
320,3,1495,Non Anth,Non Anth,Predict,
733,1,1495,Fishing/Foraging,Anth,Predict,
895,4,1498,Pastoralist,Anth,Predict,
856,4,1499,Pastoralist,Anth,Predict,
202,4,1500,Pastoralist,Anth,Predict,
218,4,1500,Mixed,Anth,Predict,
505,1,1505,Mixed,Anth,Predict,
433,1,1510,Pastoralist,Anth,Predict,
863,2,1510,Pastoralist,Anth,Predict,
708,4,1512,Pastoralist,Anth,Predict,
196,1,1514,Fishing/Foraging,Anth,Predict,
38,4,1515,Mixed,Anth,Predict,
735,4,1516,Pastoralist,Anth,Predict,
700,4,1519,Pastoralist,Anth,Predict,
297,1,1520,Mixed,Anth,Predict,
781,4,1521,Pastoralist,Anth,Predict,
276,4,1522,Mixed,Anth,Predict,
589,1,1522,Pastoralist,Anth,Predict,
857,1,1525,Mixed,Anth,Predict,
253,1,1531,Mixed,Anth,Predict,
747,1,1532,Fishing/Foraging,Anth,Predict,
784,4,1532,Pastoralist,Anth,Predict,
540,4,1533,Pastoralist,Anth,Predict,
524,1,1537,Mixed,Anth,Predict,
36,4,1542,Mixed,Anth,Predict,
865,4,1542,Pastoralist,Anth,Predict,
699,2,1545,Pastoralist,Anth,Predict,
728,4,1553,Pastoralist,Anth,Predict,
452,3,1554,Pastoralist,Anth,Predict,
629,1,1554,Pastoralist,Anth,Predict,
710,4,1554,Pastoralist,Anth,Predict,
47,4,1558,Mixed,Anth,Predict,
753,4,1558,Pastoralist,Anth,Predict,
907,1,1558,Fishing/Foraging,Anth,Predict,
872,4,1563,Mixed,Anth,Predict,
224,4,1566,Mixed,Anth,Predict,
564,2,1570,Non Anth,Non Anth,Predict,
675,4,1572,Pastoralist,Anth,Predict,
360,2,1573,Non Anth,Non Anth,Predict,
665,4,1573,Pastoralist,Anth,Predict,
783,1,1574,Fishing/Foraging,Anth,Predict,
489,1,1576,Fishing/Foraging,Anth,Predict,
587,1,1576,Pastoralist,Anth,Predict,
183,4,1577,Pastoralist,Anth,Predict,
791,4,1578,Pastoralist,Anth,Predict,
720,4,1579,Pastoralist,Anth,Predict,
795,1,1581,Fishing/Foraging,Anth,Predict,
742,4,1582,Pastoralist,Anth,Predict,
74,4,1583,Mixed,Anth,Predict,
529,2,1583,Non Anth,Non Anth,Predict,
721,4,1583,Mixed,Anth,Predict,
705,4,1594,Pastoralist,Anth,Predict,
601,1,1597,Pastoralist,Anth,Predict,
407,4,1598,Pastoralist,Anth,Predict,
755,1,1598,Fishing/Foraging,Anth,Predict,
21,1,1600,Mixed,Anth,Predict,
66,4,1603,Mixed,Anth,Predict,
866,4,1603,Pastoralist,Anth,Predict,
702,2,1607,Pastoralist,Anth,Predict,
88,4,1609,Mixed,Anth,Predict,
541,4,1609,Pastoralist,Anth,Predict,
568,4,1609,Pastoralist,Anth,Predict,
707,4,1611,Pastoralist,Anth,Predict,
53,2,1613,Mixed,Anth,Predict,
792,4,1614,Pastoralist,Anth,Predict,
809,1,1616,Pastoralist,Anth,Predict,
677,4,1621,Mixed,Anth,Predict,
762,4,1621,Pastoralist,Anth,Predict,
150,1,1626,Mixed,Anth,Predict,
252,2,1626,Mixed,Anth,Predict,
414,4,1626,Pastoralist,Anth,Predict,
750,2,1627,Pastoralist,Anth,Predict,
149,2,1633,Mixed,Anth,Predict,
285,2,1637,Mixed,Anth,Predict,
719,4,1637,Pastoralist,Anth,Predict,
347,4,1639,Pastoralist,Anth,Predict,
868,2,1642,Pastoralist,Anth,Predict,
219,1,1645,Mixed,Anth,Predict,
850,2,1645,Pastoralist,Anth,Predict,
511,4,1651,Mixed,Anth,Predict,
147,2,1652,Mixed,Anth,Predict,
374,4,1652,Pastoralist,Anth,Predict,
773,4,1655,Pastoralist,Anth,Predict,
749,4,1656,Pastoralist,Anth,Predict,
222,3,1657,Non Anth,Non Anth,Predict,
772,4,1659,Pastoralist,Anth,Predict,
70,4,1660,Mixed,Anth,Predict,
523,1,1661,Fishing/Foraging,Anth,Predict,
225,4,1663,Mixed,Anth,Predict,
294,1,1665,Mixed,Anth,Predict,
890,2,1666,Pastoralist,Anth,Predict,
900,2,1666,Pastoralist,Anth,Predict,
746,4,1667,Pastoralist,Anth,Predict,
385,1,1668,Fishing/Foraging,Anth,Predict,
391,4,1668,Pastoralist,Anth,Predict,
893,4,1673,Pastoralist,Anth,Predict,
78,2,1677,Mixed,Anth,Predict,
393,4,1677,Pastoralist,Anth,Predict,
718,4,1678,Pastoralist,Anth,Predict,
41,2,1684,Mixed,Anth,Predict,
875,4,1684,Pastoralist,Anth,Predict,
62,2,1687,Mixed,Anth,Predict,
386,4,1689,Pastoralist,Anth,Predict,
531,1,1689,Fishing/Foraging,Anth,Predict,
793,4,1690,Pastoralist,Anth,Predict,
706,4,1692,Pastoralist,Anth,Predict,
266,2,1693,Mixed,Anth,Predict,
668,4,1693,Pastoralist,Anth,Predict,
140,2,1694,Mixed,Anth,Predict,
376,3,1702,Non Anth,Non Anth,Predict,
703,4,1704,Mixed,Anth,Predict,
75,2,1708,Mixed,Anth,Predict,
506,1,1712,Mixed,Anth,Predict,
68,2,1715,Mixed,Anth,Predict,
777,4,1717,Pastoralist,Anth,Predict,
754,1,1724,Mixed,Anth,Predict,
148,1,1728,Mixed,Anth,Predict,
528,4,1735,Pastoralist,Anth,Predict,
757,4,1737,Pastoralist,Anth,Predict,
786,4,1737,Pastoralist,Anth,Predict,
517,4,1740,Pastoralist,Anth,Predict,
885,4,1743,Pastoralist,Anth,Predict,
657,4,1747,Mixed,Anth,Predict,
670,4,1748,Pastoralist,Anth,Predict,
543,4,1758,Pastoralist,Anth,Predict,
98,4,1763,Mixed,Anth,Predict,
353,2,1766,Non Anth,Non Anth,Predict,
512,1,1769,Mixed,Anth,Predict,
731,4,1770,Pastoralist,Anth,Predict,
501,4,1771,Pastoralist,Anth,Predict,
891,2,1774,Pastoralist,Anth,Predict,
899,2,1774,Pastoralist,Anth,Predict,
622,1,1775,Pastoralist,Anth,Predict,
771,1,1778,Fishing/Foraging,Anth,Predict,
588,4,1779,Pastoralist,Anth,Predict,
864,2,1783,Pastoralist,Anth,Predict,
897,4,1784,Pastoralist,Anth,Predict,
903,1,1785,Fishing/Foraging,Anth,Predict,
905,1,1785,Fishing/Foraging,Anth,Predict,
81,4,1788,Mixed,Anth,Predict,
83,2,1788,Mixed,Anth,Predict,
522,1,1792,Fishing/Foraging,Anth,Predict,
292,1,1793,Mixed,Anth,Predict,
87,2,1797,Mixed,Anth,Predict,
22,2,1800,Mixed,Anth,Predict,
169,4,1800,Mixed,Anth,Predict,
613,1,1805,Pastoralist,Anth,Predict,
729,4,1812,Pastoralist,Anth,Predict,
740,4,1812,Pastoralist,Anth,Predict,
350,2,1814,Non Anth,Non Anth,Predict,
260,2,1815,Mixed,Anth,Predict,
575,2,1816,Non Anth,Non Anth,Predict,
421,4,1817,Pastoralist,Anth,Predict,
500,4,1820,Mixed,Anth,Predict,
57,2,1821,Mixed,Anth,Predict,
513,1,1821,Mixed,Anth,Predict,
96,2,1822,Mixed,Anth,Predict,
516,2,1822,Non Anth,Non Anth,Predict,
257,4,1833,Pastoralist,Anth,Predict,
770,1,1835,Fishing/Foraging,Anth,Predict,
736,4,1839,Pastoralist,Anth,Predict,
333,4,1841,Pastoralist,Anth,Predict,
874,2,1847,Pastoralist,Anth,Predict,
23,2,1852,Mixed,Anth,Predict,
42,2,1852,Mixed,Anth,Predict,
744,1,1857,Mixed,Anth,Predict,
192,4,1858,Pastoralist,Anth,Predict,
734,4,1864,Mixed,Anth,Predict,
65,4,1868,Mixed,Anth,Predict,
86,4,1868,Mixed,Anth,Predict,
283,2,1882,Mixed,Anth,Predict,
624,4,1886,Pastoralist,Anth,Predict,
84,4,1897,Mixed,Anth,Predict,
212,4,1900,Mixed,Anth,Predict,
76,2,1903,Mixed,Anth,Predict,
619,1,1905,Fishing/Foraging,Anth,Predict,
427,1,1908,Pastoralist,Anth,Predict,
432,4,1916,Pastoralist,Anth,Predict,
763,4,1917,Pastoralist,Anth,Predict,
774,1,1917,Fishing/Foraging,Anth,Predict,
785,1,1917,Fishing/Foraging,Anth,Predict,
602,1,1918,Fishing/Foraging,Anth,Predict,
395,2,1922,Non Anth,Non Anth,Predict,
514,4,1924,Mixed,Anth,Predict,
85,4,1930,Mixed,Anth,Predict,
520,4,1931,Mixed,Anth,Predict,
436,2,1934,Pastoralist,Anth,Predict,
97,2,1941,Mixed,Anth,Predict,
221,2,1945,Non Anth,Non Anth,Predict,
732,1,1947,Mixed,Anth,Predict,
846,4,1952,Mixed,Anth,Predict,
215,1,1961,Fishing/Foraging,Anth,Predict,
361,2,1961,Non Anth,Non Anth,Predict,
430,2,1961,Pastoralist,Anth,Predict,
271,2,1965,Mixed,Anth,Predict,
332,2,1976,Non Anth,Non Anth,Predict,
55,2,1980,Mixed,Anth,Predict,
109,1,1981,Mixed,Anth,Predict,
118,2,1985,Mixed,Anth,Predict,
82,2,1993,Mixed,Anth,Predict,
555,4,1993,Pastoralist,Anth,Predict,
115,2,2005,Mixed,Anth,Predict,
429,1,2008,Pastoralist,Anth,Predict,
242,4,2009,Mixed,Anth,Predict,
590,1,2009,Pastoralist,Anth,Predict,
467,1,2015,Mixed,Anth,Predict,
534,4,2016,Mixed,Anth,Predict,
684,4,2016,Pastoralist,Anth,Predict,
440,4,2019,Pastoralist,Anth,Predict,
460,1,2021,Mixed,Anth,Predict,
49,2,2024,Mixed,Anth,Predict,
77,2,2024,Mixed,Anth,Predict,
130,2,2024,Mixed,Anth,Predict,
102,2,2025,Mixed,Anth,Predict,
280,2,2025,Mixed,Anth,Predict,
131,1,2026,Mixed,Anth,Predict,
586,1,2028,Fishing/Foraging,Anth,Predict,
461,4,2035,Mixed,Anth,Predict,
462,1,2035,Mixed,Anth,Predict,
254,1,2037,Mixed,Anth,Predict,
759,3,2037,Non Anth,Non Anth,Predict,
685,4,2038,Pastoralist,Anth,Predict,
633,1,2046,Pastoralist,Anth,Predict,
154,1,2048,Mixed,Anth,Predict,
767,4,2052,Pastoralist,Anth,Predict,
273,1,2058,Mixed,Anth,Predict,
779,2,2059,Non Anth,Non Anth,Predict,
95,1,2061,Mixed,Anth,Predict,
246,1,2061,Mixed,Anth,Predict,
126,4,2067,Mixed,Anth,Predict,
141,1,2068,Mixed,Anth,Predict,
274,4,2069,Mixed,Anth,Predict,
265,4,2076,Mixed,Anth,Predict,
145,1,2077,Mixed,Anth,Predict,
146,1,2077,Mixed,Anth,Predict,
112,2,2080,Mixed,Anth,Predict,
113,2,2082,Mixed,Anth,Predict,
701,4,2086,Mixed,Anth,Predict,
121,4,2093,Mixed,Anth,Predict,
258,2,2095,Mixed,Anth,Predict,
284,1,2101,Mixed,Anth,Predict,
295,1,2101,Mixed,Anth,Predict,
94,2,2104,Mixed,Anth,Predict,
92,1,2105,Mixed,Anth,Predict,
788,2,2105,Non Anth,Non Anth,Predict,
277,4,2113,Mixed,Anth,Predict,
64,2,2116,Mixed,Anth,Predict,
618,4,2120,Pastoralist,Anth,Predict,
662,4,2120,Pastoralist,Anth,Predict,
127,2,2127,Mixed,Anth,Predict,
103,1,2129,Mixed,Anth,Predict,
123,1,2131,Mixed,Anth,Predict,
250,1,2133,Mixed,Anth,Predict,
423,4,2136,Pastoralist,Anth,Predict,
245,4,2151,Mixed,Anth,Predict,
272,1,2153,Mixed,Anth,Predict,
287,2,2154,Mixed,Anth,Predict,
243,1,2155,Mixed,Anth,Predict,
813,1,2158,Fishing/Foraging,Anth,Predict,
521,4,2160,Pastoralist,Anth,Predict,
104,2,2161,Mixed,Anth,Predict,
256,4,2161,Mixed,Anth,Predict,
611,1,2167,Pastoralist,Anth,Predict,
766,4,2169,Pastoralist,Anth,Predict,
105,4,2171,Mixed,Anth,Predict,
263,2,2177,Mixed,Anth,Predict,
288,4,2182,Mixed,Anth,Predict,
58,2,2183,Mixed,Anth,Predict,
138,2,2185,Mixed,Anth,Predict,
275,1,2186,Mixed,Anth,Predict,
815,4,2186,Pastoralist,Anth,Predict,
816,1,2186,Fishing/Foraging,Anth,Predict,
269,4,2188,Mixed,Anth,Predict,
101,2,2189,Mixed,Anth,Predict,
255,4,2193,Mixed,Anth,Predict,
151,2,2195,Mixed,Anth,Predict,
281,2,2199,Mixed,Anth,Predict,
799,1,2203,Fishing/Foraging,Anth,Predict,
300,2,2206,Mixed,Anth,Predict,
547,4,2209,Pastoralist,Anth,Predict,
293,2,2211,Mixed,Anth,Predict,
52,2,2212,Mixed,Anth,Predict,
286,1,2215,Mixed,Anth,Predict,
574,1,2216,Fishing/Foraging,Anth,Predict,
106,2,2226,Mixed,Anth,Predict,
687,4,2227,Mixed,Anth,Predict,
270,1,2228,Mixed,Anth,Predict,
259,4,2231,Mixed,Anth,Predict,
107,2,2232,Mixed,Anth,Predict,
426,4,2234,Mixed,Anth,Predict,
603,1,2236,Pastoralist,Anth,Predict,
144,1,2239,Mixed,Anth,Predict,
290,1,2239,Mixed,Anth,Predict,
801,4,2239,Pastoralist,Anth,Predict,
262,4,2240,Mixed,Anth,Predict,
60,4,2245,Mixed,Anth,Predict,
802,4,2246,Pastoralist,Anth,Predict,
48,2,2249,Mixed,Anth,Predict,
449,1,2251,Mixed,Anth,Predict,
137,4,2252,Mixed,Anth,Predict,
593,4,2252,Pastoralist,Anth,Predict,
63,2,2253,Mixed,Anth,Predict,
100,2,2258,Mixed,Anth,Predict,
267,1,2259,Mixed,Anth,Predict,
614,4,2267,Pastoralist,Anth,Predict,
782,4,2274,Pastoralist,Anth,Predict,
798,1,2276,Pastoralist,Anth,Predict,
623,2,2279,Pastoralist,Anth,Predict,
122,4,2281,Mixed,Anth,Predict,
110,2,2286,Mixed,Anth,Predict,
420,1,2289,Mixed,Anth,Predict,
598,4,2289,Pastoralist,Anth,Predict,
51,2,2296,Mixed,Anth,Predict,
133,4,2302,Mixed,Anth,Predict,
282,1,2302,Mixed,Anth,Predict,
634,1,2303,Pastoralist,Anth,Predict,
580,4,2304,Pastoralist,Anth,Predict,
73,2,2305,Mixed,Anth,Predict,
805,4,2310,Pastoralist,Anth,Predict,
298,2,2312,Mixed,Anth,Predict,
814,4,2313,Pastoralist,Anth,Predict,
817,4,2313,Pastoralist,Anth,Predict,
609,1,2318,Pastoralist,Anth,Predict,
447,2,2319,Pastoralist,Anth,Predict,
116,2,2320,Mixed,Anth,Predict,
114,2,2326,Mixed,Anth,Predict,
608,4,2326,Pastoralist,Anth,Predict,
128,4,2330,Mixed,Anth,Predict,
454,2,2332,Mixed,Anth,Predict,
134,4,2334,Mixed,Anth,Predict,
797,4,2335,Pastoralist,Anth,Predict,
59,2,2338,Mixed,Anth,Predict,
812,4,2339,Pastoralist,Anth,Predict,
61,2,2340,Mixed,Anth,Predict,
435,2,2346,Pastoralist,Anth,Predict,
606,1,2348,Pastoralist,Anth,Predict,
596,4,2352,Pastoralist,Anth,Predict,
625,1,2353,Pastoralist,Anth,Predict,
804,2,2354,Pastoralist,Anth,Predict,
80,4,2359,Mixed,Anth,Predict,
139,4,2361,Mixed,Anth,Predict,
807,3,2371,Non Anth,Non Anth,Predict,
279,2,2373,Mixed,Anth,Predict,
583,1,2374,Pastoralist,Anth,Predict,
437,4,2375,Pastoralist,Anth,Predict,
72,2,2376,Mixed,Anth,Predict,
446,2,2386,Mixed,Anth,Predict,
71,2,2390,Mixed,Anth,Predict,
445,2,2393,Pastoralist,Anth,Predict,
422,2,2397,Mixed,Anth,Predict,
803,1,2398,Fishing/Foraging,Anth,Predict,
434,4,2407,Pastoralist,Anth,Predict,
448,1,2407,Pastoralist,Anth,Predict,
443,1,2411,Pastoralist,Anth,Predict,
54,2,2413,Mixed,Anth,Predict,
811,4,2413,Pastoralist,Anth,Predict,
808,4,2414,Pastoralist,Anth,Predict,
56,2,2427,Mixed,Anth,Predict,
50,2,2431,Mixed,Anth,Predict,
474,1,2431,Mixed,Anth,Predict,
632,4,2433,Pastoralist,Anth,Predict,
124,2,2459,Mixed,Anth,Predict,
125,2,2459,Mixed,Anth,Predict,
299,1,2459,Mixed,Anth,Predict,
908,1,2459,Fishing/Foraging,Anth,Predict,
617,4,2471,Pastoralist,Anth,Predict,
626,1,2471,Pastoralist,Anth,Predict,
630,1,2471,Pastoralist,Anth,Predict,
465,2,2473,Mixed,Anth,Predict,
455,1,2479,Mixed,Anth,Predict,
444,1,2493,Mixed,Anth,Predict,
902,1,2494,Fishing/Foraging,Anth,Predict,
69,2,2502,Mixed,Anth,Predict,
129,2,2506,Mixed,Anth,Predict,
595,1,2509,Pastoralist,Anth,Predict,
418,4,2521,Pastoralist,Anth,Predict,
469,4,2530,Mixed,Anth,Predict,
472,2,2544,Mixed,Anth,Predict,
628,4,2546,Pastoralist,Anth,Predict,
450,2,2551,Mixed,Anth,Predict,
475,1,2551,Mixed,Anth,Predict,
597,4,2554,Pastoralist,Anth,Predict,
459,4,2573,Mixed,Anth,Predict,
67,2,2576,Mixed,Anth,Predict,
152,2,2580,Mixed,Anth,Predict,
582,4,2581,Pastoralist,Anth,Predict,
120,4,2584,Mixed,Anth,Predict,
456,2,2586,Pastoralist,Anth,Predict,
760,2,2587,Non Anth,Non Anth,Predict,
91,4,2592,Mixed,Anth,Predict,
615,4,2595,Pastoralist,Anth,Predict,
457,2,2596,Mixed,Anth,Predict,
90,2,2601,Mixed,Anth,Predict,
627,4,2602,Pastoralist,Anth,Predict,
135,4,2615,Mixed,Anth,Predict,
635,2,2617,Pastoralist,Anth,Predict,
89,1,2638,Mixed,Anth,Predict,
93,4,2652,Mixed,Anth,Predict,
289,1,2667,Mixed,Anth,Predict,
470,1,2668,Mixed,Anth,Predict,
142,1,2670,Mixed,Anth,Predict,
636,4,2672,Pastoralist,Anth,Predict,
631,4,2710,Pastoralist,Anth,Predict,
117,1,2720,Mixed,Anth,Predict,
621,4,2724,Pastoralist,Anth,Predict,
463,1,2737,Mixed,Anth,Predict,
466,2,2740,Mixed,Anth,Predict,
473,1,2748,Mixed,Anth,Predict,
468,1,2758,Mixed,Anth,Predict,
464,4,2764,Mixed,Anth,Predict,
143,4,2776,Mixed,Anth,Predict,
136,1,2790,Mixed,Anth,Predict,
704,1,2803,Mixed,Anth,Predict,
458,4,2842,Pastoralist,Anth,Predict,
637,4,2842,Pastoralist,Anth,Predict,
111,4,2882,Mixed,Anth,Predict,
439,2,2884,Mixed,Anth,Predict,
108,1,2885,Mixed,Anth,Predict,
99,1,2922,Mixed,Anth,Predict,
132,2,2958,Mixed,Anth,Predict,
119,4,2990,Mixed,Anth,Predict,
0,,0,Non Anth,Non Anth,Confirmed,
1,,0,Non Anth,Non Anth,Confirmed, 
2,,370,Non Anth,Non Anth,Confirmed,G-30FR
3,,371,Non Anth,Non Anth,Confirmed,G-29FR
4,,371,Non Anth,Non Anth,Confirmed,G-27FR
5,,371,Non Anth,Non Anth,Confirmed,G-27FR
6,,395,Non Anth,Non Anth,Confirmed,G-26FR
7,,394,Non Anth,Non Anth,Confirmed,G-25FR
8,,372,Non Anth,Non Anth,Confirmed,G29HIR002
9,,371,Non Anth,Non Anth,Confirmed,G29HIR03
10,,395,Non Anth,Non Anth,Confirmed,G27HIR05
11,,395,Non Anth,Non Anth,Confirmed,G26HIR06
12,,1283,Non Anth,Non Anth,Confirmed,G28HIR09
13,,372,Non Anth,Non Anth,Confirmed,G30VA001
14,,395,Non Anth,Non Anth,Confirmed,G30VA003
15,,372,Non Anth,Non Anth,Confirmed,G29VA001
16,,371,Non Anth,Non Anth,Confirmed,G29VA003
17,,371,Non Anth,Non Anth,Confirmed,G27VA001
18,,372,Non Anth,Non Anth,Confirmed,G28VA002
19,,819,Non Anth,Non Anth,Confirmed,Gi4HA
20,,370,Non Anth,Non Anth,Confirmed,Gi30HA
21,,372,Non Anth,Non Anth,Confirmed,Gi30HA
22,,371,Non Anth,Non Anth,Confirmed,Gi29HA
23,,395,Non Anth,Non Anth,Confirmed,Gi27HA
24,,393,Non Anth,Non Anth,Confirmed,Gi26HA
25,,1434,Non Anth,Non Anth,Confirmed,Gi28HA
26,,372,Non Anth,Non Anth,Confirmed,Gi28HA
27,,372,Non Anth,Non Anth,Confirmed,G30RO
28,,371,Non Anth,Non Anth,Confirmed,G30RO1
29,,372,Non Anth,Non Anth,Confirmed,G29RO
30,,371,Non Anth,Non Anth,Confirmed,G27RO
31,,393,Non Anth,Non Anth,Confirmed,G26RO1
32,,556,Non Anth,Non Anth,Confirmed,G25RO
33,,441,Fishing/Foraging,Anth,Confirmed, 
34,,1191,Fishing/Foraging,Anth,Confirmed, 
35,,808,Fishing/Foraging,Anth,Confirmed, 
36,,463,Fishing/Foraging,Anth,Confirmed, 
37,,124,Fishing/Foraging,Anth,Confirmed, 
38,,762,Fishing/Foraging,Anth,Confirmed, 
39,,1170,Fishing/Foraging,Anth,Confirmed, 
40,,1180,Fishing/Foraging,Anth,Confirmed, 
41,,1402,Fishing/Foraging,Anth,Confirmed, 
42,,1141,Fishing/Foraging,Anth,Confirmed, 
43,,987,Fishing/Foraging,Anth,Confirmed, 
44,,0,Fishing/Foraging,Anth,Confirmed, 
45,,424,Fishing/Foraging,Anth,Confirmed, 
46,,0,Fishing/Foraging,Anth,Confirmed, 
47,,74,Fishing/Foraging,Anth,Confirmed, 
48,,74,Fishing/Foraging,Anth,Confirmed, 
49,,0,Fishing/Foraging,Anth,Confirmed, 
50,,99,Fishing/Foraging,Anth,Confirmed, 
51,,0,Fishing/Foraging,Anth,Confirmed, 
52,,0,Fishing/Foraging,Anth,Confirmed, 
53,,0,Fishing/Foraging,Anth,Confirmed, 
54,,0,Fishing/Foraging,Anth,Confirmed, 
55,,1669,Non Anth,Non Anth,Confirmed, 
56,,313,Non Anth,Non Anth,Confirmed, 
57,,1494,Non Anth,Non Anth,Confirmed, 
58,,1851,Non Anth,Non Anth,Confirmed, 
59,,1696,Non Anth,Non Anth,Confirmed, 
60,,34,Non Anth,Non Anth,Confirmed, 
61,,139,Non Anth,Non Anth,Confirmed, 
62,,25,Non Anth,Non Anth,Confirmed, 
63,,2762,Non Anth,Non Anth,Confirmed, 
64,,2536,Non Anth,Non Anth,Confirmed, 
65,,2128,Non Anth,Non Anth,Confirmed, 
66,,2996,Non Anth,Non Anth,Confirmed, 
67,,2441,Non Anth,Non Anth,Confirmed, 
68,,2377,Non Anth,Non Anth,Confirmed, 
69,,626,Non Anth,Non Anth,Confirmed, 
70,,626,Pastoralist,Anth,Confirmed, 
71,,626,Pastoralist,Anth,Confirmed, 
72,,1320,Pastoralist,Anth,Confirmed, 
73,,1650,Pastoralist,Anth,Confirmed, 
74,,1650,Pastoralist,Anth,Confirmed, 
75,,1302,Pastoralist,Anth,Confirmed, 
76,,1842,Pastoralist,Anth,Confirmed, 
77,,1551,Pastoralist,Anth,Confirmed, 
78,,986,Pastoralist,Anth,Confirmed, 
79,,1362,Pastoralist,Anth,Confirmed, 
80,,383,Pastoralist,Anth,Confirmed, 
81,,1013,Pastoralist,Anth,Confirmed, 
82,,793,Pastoralist,Anth,Confirmed, 
83,,967,Pastoralist,Anth,Confirmed, 
84,,54,Pastoralist,Anth,Confirmed, 
85,,54,Pastoralist,Anth,Confirmed, 
86,,699,Fishing/Foraging,Anth,Confirmed, 
87,,610,Fishing/Foraging,Anth,Confirmed, 
88,,519,Fishing/Foraging,Anth,Confirmed, 
89,,1220,Fishing/Foraging,Anth,Confirmed, 
90,,286,Fishing/Foraging,Anth,Confirmed, 
91,,180,Fishing/Foraging,Anth,Confirmed, 
92,,531,Fishing/Foraging,Anth,Confirmed, 
93,,96,Fishing/Foraging,Anth,Confirmed, 
94,,1161,Fishing/Foraging,Anth,Confirmed, 
95,,348,Fishing/Foraging,Anth,Confirmed, 
96,,308,Fishing/Foraging,Anth,Confirmed, 
97,,254,Fishing/Foraging,Anth,Confirmed, 
98,,497,Fishing/Foraging,Anth,Confirmed, 
99,,204,Fishing/Foraging,Anth,Confirmed, 
100,,606,Fishing/Foraging,Anth,Confirmed, 
101,,556,Fishing/Foraging,Anth,Confirmed, 
102,,395,Fishing/Foraging,Anth,Confirmed, 
103,,371,Fishing/Foraging,Anth,Confirmed, 
104,,1434,Fishing/Foraging,Anth,Confirmed, 
105,,395,Fishing/Foraging,Anth,Confirmed, 
106,,370,Fishing/Foraging,Anth,Confirmed, 
107,,0,Fishing/Foraging,Anth,Confirmed, 
108,,0,Fishing/Foraging,Anth,Confirmed, 
109,,997,Fishing/Foraging,Anth,Confirmed, 
110,,0,Fishing/Foraging,Anth,Confirmed, 
111,,0,Fishing/Foraging,Anth,Confirmed, 
112,,0,Fishing/Foraging,Anth,Confirmed, 
113,,0,Fishing/Foraging,Anth,Confirmed, 
114,,0,Fishing/Foraging,Anth,Confirmed, 
115,,0,Fishing/Foraging,Anth,Confirmed, 
116,,935,Fishing/Foraging,Anth,Confirmed, 
117,,0,Fishing/Foraging,Anth,Confirmed, 
118,,609,Fishing/Foraging,Anth,Confirmed, 
119,,633,Fishing/Foraging,Anth,Confirmed, 
120,,0,Fishing/Foraging,Anth,Confirmed, 
121,,1206,Fishing/Foraging,Anth,Confirmed, 
122,,0,Fishing/Foraging,Anth,Confirmed, 
123,,259,Fishing/Foraging,Anth,Confirmed, 
124,,169,Fishing/Foraging,Anth,Confirmed, 
125,,329,Fishing/Foraging,Anth,Confirmed, 
126,,514,Fishing/Foraging,Anth,Confirmed, 
127,,441,Fishing/Foraging,Anth,Confirmed, 
128,,1382,Fishing/Foraging,Anth,Confirmed, 
129,,711,Fishing/Foraging,Anth,Confirmed, 
130,,582,Fishing/Foraging,Anth,Confirmed, 
131,,0,Fishing/Foraging,Anth,Confirmed, 
132,,316,Fishing/Foraging,Anth,Confirmed, 
133,,0,Fishing/Foraging,Anth,Confirmed, 
134,,769,Fishing/Foraging,Anth,Confirmed, 
135,,1317,Fishing/Foraging,Anth,Confirmed, 
136,,441,Fishing/Foraging,Anth,Confirmed, 
137,,691,Fishing/Foraging,Anth,Confirmed, 
138,,1191,Fishing/Foraging,Anth,Confirmed, 
139,,808,Fishing/Foraging,Anth,Confirmed, 
140,,0,Fishing/Foraging,Anth,Confirmed, 
141,,1164,Fishing/Foraging,Anth,Confirmed, 
142,,0,Fishing/Foraging,Anth,Confirmed, 
143,,0,Fishing/Foraging,Anth,Confirmed, 
144,,0,Fishing/Foraging,Anth,Confirmed, 
145,,0,Fishing/Foraging,Anth,Confirmed, 
146,,1519,Fishing/Foraging,Anth,Confirmed, 
147,,513,Fishing/Foraging,Anth,Confirmed, 
148,,871,Fishing/Foraging,Anth,Confirmed, 
149,,743,Fishing/Foraging,Anth,Confirmed, 
150,,859,Fishing/Foraging,Anth,Confirmed, 
151,,788,Fishing/Foraging,Anth,Confirmed, 
152,,717,Fishing/Foraging,Anth,Confirmed, 
153,,1850,Fishing/Foraging,Anth,Confirmed, 
154,,1850,Fishing/Foraging,Anth,Confirmed, 
155,,1101,Fishing/Foraging,Anth,Confirmed, 
156,,463,Fishing/Foraging,Anth,Confirmed, 
157,,623,Fishing/Foraging,Anth,Confirmed, 
158,,807,Fishing/Foraging,Anth,Confirmed, 
159,,1380,Fishing/Foraging,Anth,Confirmed, 
160,,62,Fishing/Foraging,Anth,Confirmed, 
161,,154,Fishing/Foraging,Anth,Confirmed, 
162,,124,Fishing/Foraging,Anth,Confirmed, 
163,,843,Fishing/Foraging,Anth,Confirmed, 
164,,1585,Fishing/Foraging,Anth,Confirmed, 
165,,762,Fishing/Foraging,Anth,Confirmed, 
166,,762,Fishing/Foraging,Anth,Confirmed, 
167,,1170,Fishing/Foraging,Anth,Confirmed, 
168,,852,Fishing/Foraging,Anth,Confirmed, 
169,,1180,Fishing/Foraging,Anth,Confirmed, 
170,,1718,Fishing/Foraging,Anth,Confirmed, 
171,,1402,Fishing/Foraging,Anth,Confirmed, 
172,,1141,Fishing/Foraging,Anth,Confirmed, 
173,,1402,Fishing/Foraging,Anth,Confirmed, 
174,,987,Fishing/Foraging,Anth,Confirmed, 
175,,581,Fishing/Foraging,Anth,Confirmed, 
176,,769,Fishing/Foraging,Anth,Confirmed, 
177,,869,Fishing/Foraging,Anth,Confirmed, 
178,,574,Fishing/Foraging,Anth,Confirmed, 
179,,821,Fishing/Foraging,Anth,Confirmed, 
180,,603,Fishing/Foraging,Anth,Confirmed, 
181,,918,Fishing/Foraging,Anth,Confirmed, 
182,,918,Fishing/Foraging,Anth,Confirmed, 
183,,0,Fishing/Foraging,Anth,Confirmed, 
184,,424,Fishing/Foraging,Anth,Confirmed, 
185,,424,Fishing/Foraging,Anth,Confirmed, 
186,,1283,Fishing/Foraging,Anth,Confirmed, 
187,,0,Fishing/Foraging,Anth,Confirmed, 
188,,0,Fishing/Foraging,Anth,Confirmed, 
189,,74,Fishing/Foraging,Anth,Confirmed, 
190,,74,Fishing/Foraging,Anth,Confirmed, 
191,,0,Fishing/Foraging,Anth,Confirmed, 
192,,0,Fishing/Foraging,Anth,Confirmed, 
193,,364,Fishing/Foraging,Anth,Confirmed, 
194,,99,Fishing/Foraging,Anth,Confirmed, 
195,,641,Fishing/Foraging,Anth,Confirmed, 
196,,1132,Fishing/Foraging,Anth,Confirmed, 
197,,0,Fishing/Foraging,Anth,Confirmed, 
198,,0,Fishing/Foraging,Anth,Confirmed, 
199,,0,Fishing/Foraging,Anth,Confirmed, 
200,,0,Fishing/Foraging,Anth,Confirmed, 
201,,0,Fishing/Foraging,Anth,Confirmed, 
202,,0,Fishing/Foraging,Anth,Confirmed, 
203,,372,Fishing/Foraging,Anth,Confirmed, 
204,,0,Fishing/Foraging,Anth,Confirmed, 
205,,0,Fishing/Foraging,Anth,Confirmed, 
206,,0,Fishing/Foraging,Anth,Confirmed, 
207,,948,Fishing/Foraging,Anth,Confirmed, 
208,,2425,Fishing/Foraging,Anth,Confirmed, 
209,,0,Fishing/Foraging,Anth,Confirmed, 
210,,0,Fishing/Foraging,Anth,Confirmed, 
211,,0,Fishing/Foraging,Anth,Confirmed, 
212,,1033,Fishing/Foraging,Anth,Confirmed, 
213,,1368,Fishing/Foraging,Anth,Confirmed, 
214,,1592,Fishing/Foraging,Anth,Confirmed, 
215,,2027,Fishing/Foraging,Anth,Confirmed, 
216,,1592,Fishing/Foraging,Anth,Confirmed, 
217,,0,Fishing/Foraging,Anth,Confirmed, 
218,,751,Fishing/Foraging,Anth,Confirmed, 
219,,751,Fishing/Foraging,Anth,Confirmed, 
220,,1292,Fishing/Foraging,Anth,Confirmed, 
221,,0,Mixed,Anth,Confirmed, 
222,,0,Mixed,Anth,Confirmed, 
223,,584,Mixed,Anth,Confirmed, 
224,,388,Mixed,Anth,Confirmed, 
225,,0,Mixed,Anth,Confirmed, 
226,,0,Mixed,Anth,Confirmed, 
227,,831,Mixed,Anth,Confirmed, 
228,,0,Mixed,Anth,Confirmed, 
229,,0,Mixed,Anth,Confirmed, 
230,,0,Mixed,Anth,Confirmed, 
231,,204,Mixed,Anth,Confirmed, 
232,,442,Mixed,Anth,Confirmed, 
233,,0,Mixed,Anth,Confirmed, 
234,,0,Mixed,Anth,Confirmed, 
235,,0,Mixed,Anth,Confirmed, 
236,,0,Mixed,Anth,Confirmed, 
237,,0,Mixed,Anth,Confirmed, 
238,,0,Mixed,Anth,Confirmed, 
239,,0,Mixed,Anth,Confirmed, 
240,,124,Mixed,Anth,Confirmed, 
241,,173,Mixed,Anth,Confirmed, 
242,,0,Mixed,Anth,Confirmed, 
243,,124,Mixed,Anth,Confirmed, 
244,,124,Mixed,Anth,Confirmed, 
